id_reservation,id_person,date,id_show,nb_reservation
638c0e41fa234235dd29e6f2,8l8b1pm21t1sr63sk4b81zd4,1941-04-14,5iwu8djcnu6n3f352823q64t,215
10jx18tk7o24kydp490m36zf,25f3fc836txx8smr474v33px,1986-09-12,5evp2yd96699mvk2ina9836a,96
8r1ba88i9qh4b0f37h5cb6x5,3zv767j83wbt6fd6w32v5bt2,1995-10-13,4swb3p6cq5qd82w4296j44ss,20
2z6v2au08h1hv35e7iv32v4b,5cwwc328vc8eqik2235u823i,1945-05-05,52z9466rx33i7ait6gd8fj6x,7
3h6f6p5c1dr0g8s1f76xc89c,42nxr6bj63s7c49s97u7fj8u,1975-03-28,7tnhude34886z7376sh4j2fw,277
4uh26g2z4kv1t73ge24ap2z5,95tp2v94dz662gpa7g9tm39k,1944-11-16,85fc89z6qxt428nxxzq326q3,133
70b3d5u17ei7m98tr3l2f41r,364n2j4yted85c789ua65kxj,1998-02-20,3z4g87daxrb5h3y5v77438sf,42
4cc7d2i44s1um6d3g78nj1s6,86p4mw57q3u7ta7bu5x8f28y,2001-01-13,587v6ah9pw8v7b99q6jr63yd,1
5u2og87jf6o89bt5u31xd1p6,8356txqg54r73bn9m8edue68,1991-03-07,4wzyt59w3i8whxr667b6p573,273
672lc1r7y31e5ux4m8d08ml1,6422ypaqw9qr94539nvhp36b,1974-08-03,4fi56g26qmc32s4qz23yy3f3,87
2c6g0jk8t4w4i1q4z92ii38y,26r96b52pxgpf5ka49vm3p84,1945-10-02,9xtutc232r857jweav53t575,27
0ej7d57uy71is68hg5n3h57f,853w85a78qbf745ryqmtk5f3,1942-06-06,5qv893zpb6xd98anw8m9226v,153
36p34je71ds37tq41n5al71d,5y6v8xt9vfa546r752ic96ur,2004-10-15,7862j2a894hw4vduz3ew58ru,202
528dn1h2d1o01p8s8i5vd12p,5jw5485f54syzs577pjhs45k,2003-06-28,43ac9pj7q8s3cr8j746b54xm,62
0a0bp5j2v88c1q6hi73f3r9y,27385u79j3pmc7t2yawan82u,1972-09-28,777ut96ae42v55j3t5fe7ncw,10
4do55qx6l88k6ge5e5m32u7t,74ss5mf97vhmzc65u89n993m,1992-03-08,84p88jz8p57q25u8r3qvvn3x,27
4vj1n7p6h27r4lg7v17z1m0k,6a8z9v9s6gvd62h95ey8ry49,1999-04-20,4m436b3fdx4b3358kfdqe4q4,3
6dh2i7f52w0m7n2ad8n0l0t4,82fc62wmee588s8y67dp8sf5,1954-12-07,5wj728iacpv3s3y642827cxz,53
2sv60v3th9s1y12g3tf51jn6,39844qfkb68y56nbvzx5r85t,1950-01-26,6y492x6p677hb9jmcs7q7u3v,123
2r7iq2r44te3g60og27y5g8u,6j42w3z3nw7b8n3b8kj5mb94,1993-09-30,82778czz4cj5jwv49u942fur,8
1f6tl38o1l2gi15yp2y5l89o,6xp2r4xk3gp5a64i7kw967b8,1986-11-01,628sk3gasy5ac3h745xk25z5,4
1j5lk55c3pb68h3lw4r5j37m,4fwb827ynw932j3p7r9p8p6z,1976-02-22,734534n8we5jp2mb7c84tdfi,56
6q2p2tv24fn62tr3m71st07l,2i6ajf372j89khb5k9xw9n58,1996-06-06,88e22w8a7g7vis2633tppt8w,255
0mm44o6uq8u8f8g27uq5r7p7,88uu32a6x6z7wd6r72kadn58,1998-01-11,46499y39n9j6skmx4fudy24w,62
8vg7l6j8i6f63i6qd3w5u5g4,4p9cizzdp25237agp6695r2v,2002-04-13,2rtu82xn3rq57782ges9ma83,26
4k3x4s5ow4y5o5u3m5d54yo8,57a735zm99wm7h3hcn4qk6f8,1968-10-02,6vj8fqc58792x7e68rg7xn8e,14
76x18si39ru14p7yy5z91uk0,6394h75suqs72ca3k2fni4d4,1984-04-02,22v59bt3te79v3qn9348cwdc,203
6t3cc3o9v5p97p4n2r8g7t4x,536us6iw2g9678vuvsu29s9a,2001-02-15,4s2g7r5pxxe2s6tn259s6c52,47
7i5g4mb8f7r9y37vw56n1tm5,42p99rc2c2e893vg6ej5gwq7,1991-10-22,52r48ws378pt38q5szk3km4t,100
6sm6i7x9c4m48h5i7m7x3k5c,83urkh87uh6vr3v6c4u5q955,1970-11-22,9228485fd7fb8ec6b6s8srap,11
